{
  "version": 1,
  "author": "Hugo S. Dias",
  "editor": "wokwi",
  "parts": [
    {
      "type": "board-pi-pico-w",
      "id": "pico",
      "top": -12.85,
      "left": -6.05,
      "attrs": { "builder": "pico-sdk" }
    },
    {
      "type": "wokwi-resistor",
      "id": "r1",
      "top": 100.8,
      "left": -115.75,
      "rotate": 90,
      "attrs": { "value": "1000" }
    },
    { "type": "wokwi-led", "id": "led1", "top": 6, "left": -101.8, "attrs": { "color": "red" } }
  ],
  "connections": [
    [ "pico:GP0", "$serialMonitor:RX", "", [] ],
    [ "pico:GP1", "$serialMonitor:TX", "", [] ],
    [ "pico:GND.4", "r1:2", "black", [ "h-86.4", "v0.04" ] ],
    [ "r1:1", "led1:C", "green", [ "h0" ] ],
    [ "led1:A", "pico:GP13", "green", [ "v86.4" ] ]
  ],
  "dependencies": {}
}